Aluno, Tutoriais, Desafio
Mirella, visto, visto
Isabelle, visto, visto
Nicolas, visto,
Letícia, visto,
Natalia, visto, visto
Gabrielly Piffer, visto, visto
Carlos, visto,
Vinicius, visto,
Thomas, visto,
Monique, visto, visto
Heloá, visto,
Pietra, visto, visto
Murilo, visto,
Maria Eduarda, visto, visto
Lívia Guarizo, visto, 
Kauâ, visto, visto
Lívia Moraes, visto, visto
Eduarda, visto, visto
Mathias, visto,
Bruno, visto,
Gabrielly Souza, visto,
Alice, visto, 
Davi, visto,
Ana Lívia, visto, visto
Matheus, visto, visto
Enzo, visto, visto
Laís, visto, visto
Isabela,,visto